year,species_code,comp_type,length,ae,ae_al,al,base
1990,21720,total,280,1.4311031566576684,1.3742832766706006,1.1737069349665408,1.2568309168383636
1990,21720,total,390,4.317438270555868,3.48044052165958,2.258231744321169,3.0307733509268977
1990,21720,total,450,1.61181759802982,1.39107484926146,2.126308998689053,3.0391757339933796
1990,21720,total,460,1.2657525787024007,1.1808856459600392,2.3744141350407486,3.0740984943244127
1990,21720,total,480,6.292155018639454,5.592108262744732,3.0749535905475027,4.263358306401547
1990,21720,total,490,1.0560088632525038,0.9501887267624309,4.051922069582277,5.282150253453045
1990,21720,total,500,0.7491074939609218,0.7029092293080905,5.703807431487613,7.598347607103051
1990,21720,total,510,3.695560284963018,3.1632433165854708,3.507596353618556,4.737788332685547
1990,21720,total,520,3.401150078886452,2.967139589775438,2.4509474085804723,3.2212899491916556
1990,21720,total,530,2.4401270409238074,2.611556231620866,3.0602548109151226,4.830404072724287
1990,21720,total,540,3.808611586653902,3.8576886207361065,3.5721402596329566,4.912074643950789
1990,21720,total,550,2.5553457231949976,2.505107274132301,2.168510701547192,2.8080649482872397
1990,21720,total,560,4.167987980268502,3.028997705738261,2.5511332398415734,3.6170575748372005
1990,21720,total,570,10.477865943635807,7.717615912752902,3.492943526262544,6.1078040151065665
1990,21720,total,580,2.176803364362083,2.086593970454131,2.3695055942613084,3.8073198661225818
1990,21720,total,590,4.063531873992768,3.8885035453125414,4.782293952843484,7.538824336413352
1990,21720,total,600,4.455510374050383,3.640238036054364,4.355817865026549,6.361140017358683
1990,21720,total,610,6.2201541863280365,4.400208579327546,2.571075299999252,5.271075161250948
1990,21720,total,620,5.568492276038252,4.845537440445486,2.683896544210089,4.0199819315055825
1990,21720,total,630,2.797403588261625,2.7262549285946274,3.055936809780662,4.87605022758819
1990,21720,total,640,5.568623748550067,4.135666393138067,2.1187451786276617,3.473166043641073
1990,21720,total,650,5.1188037616106925,4.209333196114714,3.200490261104067,5.240970460903769
1990,21720,total,660,5.671396203045824,4.287491825573406,2.1968487163443915,2.766083513222717
1990,21720,total,670,5.275640165597936,4.88411004535041,2.4216849755339833,3.6132677577010033
1990,21720,total,680,1.929097669689817,1.5800901919281682,1.0547572396997886,1.5854472887666056
1990,21720,total,690,2.8583209168192405,2.683185798309557,2.309225212678913,2.741043596095833
1990,21720,total,700,2.3227177589041763,2.187365306286698,1.975059055516766,2.7916986920358378
1990,21720,total,710,1.819253900449203,2.0390154948169723,1.59673856311193,1.8225978578265676
1990,21720,total,720,4.3442851699951355,2.8194091002886,1.263948264465385,2.1221769569034574
1990,21720,total,730,2.193919508377522,1.8478941484896565,1.0132991182606466,1.4337381976412538
1990,21720,total,760,1.8424841319637468,1.6791868940105947,1.2025299998841794,1.9675974501877334
1990,21720,total,770,1.5414802555399427,1.4740303816591982,1.0563643472727613,1.3248494369940236
1990,21720,total,780,1.6947082566002103,1.6642209303655966,0.6667070295998907,0.8766551512243551
1990,21720,total,800,1.8701847493949295,2.1366563606463833,1.1182859095578974,1.1815167187631928
1990,21720,total,810,1.2938714272526766,1.3581747504495338,1.6033132993028663,1.7209034631146407
1990,21720,total,820,1.1978902346075062,1.1449655124515246,1.2291300892046533,1.346109838572923
1990,21720,total,840,1.6619335196572766,1.8128538502379088,0.800535365126289,0.9402999156548436
1990,21720,total,850,1.7520801941379156,1.8323986919929087,1.8988453907554654,2.5504147659761265
1990,21720,total,860,2.1755861733159874,1.9672845489422484,1.1753126735799453,1.2391948013320495
1990,21720,total,870,1.8256925242475923,2.419132484736984,0.8494869985292414,1.0310529784169349
1990,21720,total,880,1.1999775264110208,1.182070052957905,2.357699379811932,2.7924172640402958
1990,21720,total,890,1.7164404436421281,1.676900947372426,1.5029963559964261,1.6102662037471571
1990,21720,total,900,1.6809539703304162,2.2579210541695343,0.7828920536449399,0.9583052510419191
1990,21720,total,920,2.4934480733539592,2.4653178219180534,1.4699745735542982,1.7486439043771744
1990,21720,total,940,2.74845746082518,2.642510307129227,1.5480377074791893,1.7743679598036788
1990,21720,total,950,2.5089782620441765,2.437097685779229,1.2100026185348238,1.283694690958063
1990,21720,total,960,2.289285229432167,2.460855316274409,1.1359443207445865,1.2249452916837307
1990,21720,total,1020,3.049245338696533,3.2305445258203243,1.379187118198115,1.7912941029047216
1993,21720,total,250,2.8492753248091653,2.2364343244125875,2.0894400136970086,2.6806395340953393
1993,21720,total,260,2.3649933720002974,1.8083528449032291,1.5947690529071339,2.03391625198605
1993,21720,total,270,3.4398347670743625,3.1481401306402512,2.2349141214710704,2.7175190111451735
1993,21720,total,280,2.777369430516487,2.2755937924038094,1.8839270277518312,2.4018209524806857
1993,21720,total,290,1.498862878790383,1.2545109923697497,1.7986063637114464,2.5944700428757845
1993,21720,total,330,1.3203879532412293,1.193850934913534,1.537169560691062,1.8507199407949524
1993,21720,total,340,2.6617649719309777,2.277593423362219,2.2773140937260163,3.563733251477816
1993,21720,total,350,1.269681046958228,1.1551118959064512,2.278577998353169,3.310438703461176
1993,21720,total,370,3.3824102889817222,3.302063322805912,3.0841065443124167,4.107679125482625
1993,21720,total,380,5.21712305273018,4.570106601965578,2.458943860249755,3.2892874638734786
1993,21720,total,390,7.0153606683717245,5.9812826160828525,3.381342234668885,4.9365045915264005
1993,21720,total,410,1.0082429461719038,0.9171557756209571,3.028939095094287,4.82074225071557
1993,21720,total,420,3.8906350085305537,3.5338342922751083,2.6857969115150215,3.9413737881385806
1993,21720,total,430,2.7827730955436785,2.469760377136562,5.44400461807488,6.944012097115724
1993,21720,total,440,1.7594843252297119,1.4014205222722784,2.57403679808432,4.320787980626544
1993,21720,total,450,3.7923594972600263,3.1686244219099162,3.2369613278284506,4.733322973555112
1993,21720,total,460,5.199759441972929,4.872215471242562,2.757167727313252,3.9171312190330174
1993,21720,total,470,5.620670873475093,4.888367168862064,3.847487544315431,6.457125613681981
1993,21720,total,480,8.514519718324289,7.776894693219412,5.00534689220034,7.371153171933918
1993,21720,total,490,5.4249217028546255,4.678608988699441,2.6049924141521124,3.498763217552677
1993,21720,total,500,3.0188359694860645,2.3250739045808198,2.257428915699566,4.394095063234924
1993,21720,total,510,1.014103340424158,1.0239743693093222,2.721363525886955,4.338160530201282
1993,21720,total,520,5.085737251049177,4.149011701455609,2.8853541007971946,4.179010083898882
1993,21720,total,530,3.861705172409787,4.044149064595111,3.2973982495932015,5.389347205376482
1993,21720,total,540,7.131861194187541,6.65951439297513,5.199382231100911,8.047021301108924
1993,21720,total,550,2.8882049165962616,2.443682438442863,3.2075615318851955,5.089928972868474
1993,21720,total,560,6.923246736012832,6.724685807079892,4.334315587893163,6.628620230394086
1993,21720,total,570,6.504397719374087,5.760010163094879,4.607467074204746,6.614027712826142
1993,21720,total,580,4.807184787591908,4.0884031290470775,4.185081288798026,6.694286095783674
1993,21720,total,590,6.293707585743311,4.788244042561605,4.045951255412557,6.432342753831225
1993,21720,total,600,3.944696355645367,3.526450699158201,3.3684313001752186,4.834300477055242
1993,21720,total,610,7.370013582514732,6.529127426726703,4.169293826475417,6.020912421060542
1993,21720,total,620,6.669907366664391,6.913045991391174,3.9832788519136484,6.3549538661861895
1993,21720,total,630,5.247694344167153,5.1200785719701365,3.118272668017997,6.040854729297744
1993,21720,total,640,4.993194912563332,5.013617124206291,4.657852596357122,7.062049457942725
1993,21720,total,650,2.4904854584045366,2.1179066054369318,2.758547090774806,4.514438785485045
1993,21720,total,660,5.731856439338905,4.55039906664744,2.3489859376261304,4.56623001600925
1993,21720,total,670,5.237540587107414,4.757442963635628,4.222876259808109,7.1702217009268185
1993,21720,total,680,3.838980757054984,3.900693100821935,4.1133249563288095,6.367788962131656
1993,21720,total,690,6.34655131717019,5.663467553603833,4.304234131789179,7.1498097431333605
1993,21720,total,700,7.1554726266534034,6.7731600850767855,4.176351937663793,6.146393064014043
1993,21720,total,710,1.3748959099761484,1.3431775409514004,4.664068447571337,6.725180016410023
1993,21720,total,720,4.719917285805345,4.276481900123682,5.17022023430115,6.608719171506268
1993,21720,total,730,10.372302876526403,8.815081768863214,4.449086772250018,6.928921768977227
1993,21720,total,740,4.339360450383264,4.1278516591505285,2.5510640920423713,3.756973893760328
1993,21720,total,750,3.5198046953266955,3.2454658200664093,1.8587100704184045,2.8422241346511283
1993,21720,total,760,3.0329526717636366,1.991011694326206,1.182433247813795,1.9166199506477715
1993,21720,total,770,4.70702332800784,4.969360179374928,3.798649027857282,5.69756980648299
1993,21720,total,780,2.342765933235527,2.264685282455711,2.1454845301100347,2.788197344813214
1993,21720,total,790,2.3168897104501673,1.838399756907556,0.9849689962937961,1.6342173852436577
1993,21720,total,800,3.1908784049297885,2.156463765324391,1.4770315924287378,2.5261804992319945
1993,21720,total,810,0.9526054185508965,0.9257845446823222,1.9340780347650155,2.6369499282570636
1993,21720,total,820,3.90343343225727,3.6858148046490258,1.7573714237842244,2.378841245474674
1993,21720,total,830,3.4351595305624727,3.307643594057722,1.040408227669665,1.469903432626849
1993,21720,total,840,1.3545216654393406,1.2390677244043606,1.3504930017565526,1.880834211069954
1993,21720,total,850,2.4221908142801443,2.1772202592945775,1.3583065106044254,1.4859448795914239
1993,21720,total,860,4.380190932596254,4.668596025351537,1.4244278743649288,2.1985135597592405
1993,21720,total,870,2.8668526345446907,2.8561020396781225,1.0636860985930694,1.3919727788497123
1993,21720,total,880,1.8998938764009097,1.7063848538985351,0.9774225911879596,1.353006764935177
1993,21720,total,890,1.7718653173597585,1.850101085932643,0.8356848432708218,1.013806957539042
1993,21720,total,900,2.457712590358788,2.7218465368335543,1.4394841418453774,1.7046470314435223
1993,21720,total,920,2.0566501907961694,2.07690302438879,1.154577657213833,1.1958035235518285
1993,21720,total,940,2.268536667670119,2.314917311015615,1.1811911743737946,1.2676486643491915
1993,21720,total,950,2.079649343374079,2.2980891713800244,1.0444895232870626,1.3344541917145516
1993,21720,total,970,2.444779604222685,2.406604080854901,1.2228054583980958,1.3102504214711046
1993,21720,total,980,2.168179909449424,2.1124122579927316,1.1567294654700024,1.2076673277368117
1993,21720,total,990,2.2903049894066303,2.169090708639326,1.4378848407661935,1.649674551410704
1993,21720,total,1000,2.3216521482568933,2.5505775711380863,1.2148509792897044,1.2242892206408336
1993,21720,total,1020,2.9663114802227457,2.895276828064138,1.530270917854621,1.7683523991150436
1996,21720,total,240,3.1501347882818616,2.45990083705159,2.579288601416434,3.071239667274033
1996,21720,total,250,1.9570023658609013,1.8171373941715896,1.4269063634851933,1.6882530039987511
1996,21720,total,270,3.3341136612257016,2.6289899031069632,2.2934963693919936,2.997397079000375
1996,21720,total,350,5.383521948085393,4.321152904335044,3.049509775108051,4.616761280959844
1996,21720,total,360,5.612523646242764,4.712426803320675,3.2805583998840464,4.856357051114076
1996,21720,total,370,2.7231690959834016,2.165614254641219,3.268175729202343,4.792804666895883
1996,21720,total,380,1.9566088258182173,1.8590897485773574,5.008575077764651,7.291305922885723
1996,21720,total,390,0.9414461503659142,0.8249463612929208,4.530361103918093,7.778759787342412
1996,21720,total,400,1.2063109712781832,1.1036963176425783,5.471228674526003,8.298949472478474
1996,21720,total,440,3.5125453622857727,2.7949943245368822,2.68296281607262,3.0647500381103203
1996,21720,total,450,6.345518936672964,5.956151158250023,4.063052733676369,5.523577277459914
1996,21720,total,460,6.6754877705929525,5.954186473147493,3.561426770626982,5.182350840206931
1996,21720,total,470,6.923685369183133,6.153733049593928,5.609554403307414,9.02545057790429
1996,21720,total,480,5.314969219539089,4.491966941856765,2.950709396814426,4.570406360378514
1996,21720,total,490,2.793578329869792,2.5976764545289415,3.8662984395344244,5.946946865230429
1996,21720,total,500,4.666826328715557,4.594907210963373,4.7250835344613975,6.908323455058987
1996,21720,total,510,2.356732870580135,2.22373501462986,4.033121175481519,5.846834091275817
1996,21720,total,520,1.9803688382677722,2.0025536802522166,3.654062720833379,5.294093315130704
1996,21720,total,530,4.427895478742576,4.172100720104821,4.518255077708306,6.395614509948961
1996,21720,total,540,5.467293790240513,4.604060275454666,2.3809727145092934,3.311840395041992
1996,21720,total,550,5.8673853742856785,3.583591845033946,3.1090913987262154,5.142497162307656
1996,21720,total,560,4.765694942812026,4.46912263414967,3.1650744225917204,5.238580797179024
1996,21720,total,570,7.543349963106136,6.018831800172859,3.5206397853249336,5.424238947414922
1996,21720,total,580,4.126921858189008,3.4101162733672243,3.2759122480412084,5.623851855926708
1996,21720,total,590,9.743892837139544,7.461598954450648,3.6715062710317734,5.72008884333983
1996,21720,total,600,6.2674108530871315,5.615540411319591,3.417950115708971,5.938160236020023
1996,21720,total,610,5.960522338761735,6.406493489271551,3.2505506743453267,4.067995591182172
1996,21720,total,620,7.576783623845845,6.0181681044491775,4.379442620548088,6.297535147514303
1996,21720,total,630,5.996569040918025,5.385803660397237,4.2023943898863,6.545682057748764
1996,21720,total,640,4.670058697592211,4.499182692916724,4.499605403243506,6.493715973154453
1996,21720,total,650,9.348661393559723,6.975619178665293,3.3349460280900503,5.084268131462518
1996,21720,total,660,9.320907165973038,6.086923969709774,4.692762638871173,7.511295891597272
1996,21720,total,670,3.1962946053805554,2.812121550795805,2.6989473187633455,4.079703524878904
1996,21720,total,680,0.6135583542904542,0.6365242122423672,3.6700563373079755,5.043034542716921
1996,21720,total,690,8.455886674051822,6.4146888306815075,4.17753475908728,7.670593007145286
1996,21720,total,700,2.913266380733235,2.4703112541768073,3.1090108022429503,5.22275657916812
1996,21720,total,710,2.7742318775773316,2.2618205641417815,1.9753728976872296,3.2479122191527443
1996,21720,total,720,3.829022978516775,3.8922397553957766,2.4986623686025142,3.596037206465022
1996,21720,total,730,2.540178198060894,2.0267260578113167,1.9692552671340329,3.1316543925550753
1996,21720,total,740,5.386038002994615,3.8544368100290742,1.635905143471471,2.9338003722674513
1996,21720,total,750,5.274069897449172,3.9832032063184406,2.142952211025056,3.953907236112152
1996,21720,total,760,2.6168995524438907,2.314818162063522,2.401073044589338,2.9485060330104487
1996,21720,total,770,2.069553817181682,1.855755738217618,2.4238147952504026,4.141475974130786
1996,21720,total,780,3.2403161337219406,3.1088424618853328,2.0642401366998304,2.3436203765626935
1996,21720,total,790,2.995529635208267,2.656413533842531,1.693383810952315,2.8653799710531027
1996,21720,total,800,4.225782691647859,3.6866714679535266,1.8043462113825923,2.864348243633134
1996,21720,total,810,1.788402519763603,1.6476145747487163,1.3534179224222842,2.5152601485635455
1996,21720,total,820,2.342426701068956,2.3840259891455835,0.9788761977723619,1.3313446111872784
1996,21720,total,830,2.0583589791081423,2.105177378846709,1.1885329155205973,1.288794553829778
1996,21720,total,840,2.899417346102126,2.4235514473170467,1.119872016495333,1.770722398033572
1996,21720,total,850,2.8914343145973347,2.16678856849709,1.267751234325483,1.970293583164294
1996,21720,total,890,1.9918164789769734,2.354984468858433,1.213906203212927,1.2927512010717106
1996,21720,total,910,2.4115762852876244,2.316511529975997,1.7767132307424578,2.0856971322104516
1996,21720,total,920,1.593987074029173,1.5000254750801103,0.8124055701550722,1.001340790143584
1996,21720,total,950,1.8284598928376652,1.8906147274462013,1.4264275489616833,1.6178169872239156
1996,21720,total,960,2.794382927773801,2.524507080537234,1.436608104735687,1.8055025473983182
1996,21720,total,1000,2.331632502061204,2.678204156060561,1.1397756495863451,1.2525084224179643
1999,21720,total,260,3.414989472857678,2.6849061718221905,2.0565052176281604,2.7779270694634928
1999,21720,total,270,2.0820781541825313,1.688971904404177,1.769493426751236,2.3651060867824043
1999,21720,total,330,2.982826168383195,2.9356671183081193,1.6501680580863294,2.1184567766896945
1999,21720,total,340,1.6427779753705645,1.7150430763596198,1.20536178827803,1.272021933810384
1999,21720,total,350,1.771534621645735,1.6607985208883727,1.510360725146807,1.718652813542684
1999,21720,total,360,2.431019579510028,2.0656059188853026,2.5035433422608184,3.395401923407197
1999,21720,total,370,6.446750205021755,5.061448229244047,3.1768260019291237,4.727333186483616
1999,21720,total,400,1.3237370876153274,1.3571411484149345,2.1586176926929825,2.620338738035012
1999,21720,total,410,4.665976096351143,3.916131883442793,2.1722464590771335,2.9192282796720077
1999,21720,total,420,2.491432754315035,2.2949396114088674,2.0211651875608285,2.5970182499926673
1999,21720,total,430,6.341438530732912,5.728531925064017,3.3522927232129236,4.745076747585124
1999,21720,total,440,5.269842726666495,4.865482561652706,2.543378438836002,3.2234297829578136
1999,21720,total,450,3.9834532800855045,3.423887772118572,2.408778758484591,3.415664593430907
1999,21720,total,460,5.64858849262389,5.187949230476903,3.942077624715225,5.914296770179116
1999,21720,total,470,6.056484528644042,5.640125780779041,4.513341047708483,7.270189247268374
1999,21720,total,480,2.93362363600614,2.6731828587411166,4.168321686255989,6.385309174306006
1999,21720,total,490,0.6331762165696917,0.6577838080230279,3.290291921704052,4.792488190000367
1999,21720,total,500,3.416863195390896,2.5510645466189437,4.038211995790988,7.146355074609384
1999,21720,total,510,2.4683917740649983,2.4844143846539675,6.254714644319464,8.329685986424032
1999,21720,total,520,3.577760780228394,3.218082236215825,4.364648082159598,6.493046891468701
1999,21720,total,530,8.041311352332086,6.8385760461446345,4.466145207564312,6.328125923141233
1999,21720,total,540,2.779587857161034,2.660803107104874,5.060061401411986,7.569536876016634
1999,21720,total,550,3.7498929071326454,3.3284137733227976,4.195335993429338,6.609309391018316
1999,21720,total,560,4.14464193258683,4.081920000380829,2.88381564827527,4.5036856360166855
1999,21720,total,570,4.488279677449198,4.109291546741566,3.878306002188731,6.807183949045819
1999,21720,total,580,0.39798066680964395,0.386456972587327,4.647611810425038,7.313495810868837
1999,21720,total,600,6.008685385952594,4.875195792088058,4.1966022297922905,6.7362752951913105
1999,21720,total,610,7.007488497933921,6.2792860064164975,4.698886902500098,7.257495880177815
1999,21720,total,620,2.48190338580734,2.2515106581197233,4.543517437657965,6.438073279503167
1999,21720,total,630,5.941828213831297,5.675153978202024,4.263810979604207,6.342880383691821
1999,21720,total,640,2.4057202742311254,2.1871026414141403,4.714494103837748,7.043318254296583
1999,21720,total,650,2.656743219412597,2.3940347820722447,2.694980153361937,4.186865913569869
1999,21720,total,660,2.7810946508145027,2.4369798305101695,4.312707083522458,6.906198730740785
1999,21720,total,670,3.1229504900865104,2.620714121585826,3.156366580013147,5.264047205294361
1999,21720,total,680,3.9428638026024796,3.4365877418735162,2.5138974747849847,3.4785742278960745
1999,21720,total,690,2.5268584813314816,2.216827803878844,3.6056620665103214,5.802334141944468
1999,21720,total,700,6.953025584481951,7.1158739546868,4.857207832481595,7.732821024173919
1999,21720,total,710,3.87504861127781,2.7479103588238702,3.4236694359902264,5.905579037744616
1999,21720,total,720,3.531570266028966,2.5739604108540606,1.184396806536969,1.6827828750539848
1999,21720,total,730,4.377554100110498,3.832074829293417,1.674379918563673,2.5735564992382667
1999,21720,total,740,3.2322159899260927,2.407239825956012,1.797512295105936,3.0090519832228235
1999,21720,total,750,1.8554115641122355,2.018825078744633,0.9122807381306021,1.162932864873108
1999,21720,total,760,2.8262049467797468,2.5607778761428213,2.049040080562361,3.185247870855982
1999,21720,total,770,1.6686004239683576,1.5214804107990152,0.7993414273232169,0.9960570814369706
1999,21720,total,790,2.55500677975766,2.081169631551233,1.5189487528208432,2.6474241292704392
1999,21720,total,840,2.063610415094398,2.3687399578123025,1.194714673625112,1.2313207243676485
1999,21720,total,850,1.1777767478462813,1.2960282424968332,2.1454730278990883,2.583792661254095
1999,21720,total,870,1.9212215856681325,2.3493175056190925,1.157838564283192,1.1800201949593432
1999,21720,total,970,2.0362395784972986,2.313520259584293,0.8906905408685978,1.0757744317478204
2001,21720,total,220,4.682880760101462,3.0777669821524616,3.2520598607502205,5.262527544635398
2001,21720,total,240,4.816484470291079,4.203810092702876,4.118339207307669,5.225843449169313
2001,21720,total,250,5.165529714872436,3.923299086200676,3.025895284566043,4.325620957453568
2001,21720,total,260,6.936808980181848,5.199147330060423,4.278215216931097,5.927722626921558
2001,21720,total,270,5.138719112198368,3.436216855340488,2.8729239962955537,4.155359923311103
2001,21720,total,280,5.458720546390968,3.955504261180634,3.2457702271398743,4.901802818062152
2001,21720,total,300,1.2533344178367176,1.2200082388863118,2.2860278523736186,3.2215264132416515
2001,21720,total,310,1.5955350391544862,1.3642489415956738,2.6339327671209896,4.424120851834136
2001,21720,total,330,2.751059035794587,2.6426435782435305,2.051578803442099,2.69502066241111
2001,21720,total,350,4.691701688199937,3.5830332456297898,2.6090296114558686,3.811632029174428
2001,21720,total,360,1.7862523531696153,1.5842106628798995,3.0543006569794993,4.342288740026612
2001,21720,total,370,5.80570450382787,4.978341767678325,2.7011612753563417,3.9333329825517684
2001,21720,total,380,1.3279376693716356,1.3318029859512297,2.5717657799556966,3.0695339148642407
2001,21720,total,390,4.214253260042263,3.9195832874614447,3.208994438103477,4.724138522898937
2001,21720,total,400,1.3087081123514408,1.1405554099388238,3.9837437212137057,5.504674729515684
2001,21720,total,410,1.0394985610782497,0.9786548577608308,3.9606702651204673,6.660833778952484
2001,21720,total,420,2.2977803966866057,1.984947821882128,3.6800851525074285,4.969690581102157
2001,21720,total,430,1.1416598091666472,1.1460478946000225,5.043289130175913,7.941023200535508
2001,21720,total,440,3.914570197935944,3.691599483123214,4.315839322128556,5.77989945924857
2001,21720,total,450,5.800431781585736,5.802094432006,4.725303325947009,6.8042471635685935
2001,21720,total,460,4.309851112320442,4.107539976621379,3.080064203359946,4.686213403277441
2001,21720,total,470,6.792823834361467,6.95967578079614,4.041608309879678,5.586747618820643
2001,21720,total,480,7.021841890228883,6.4690937474540835,3.5216774766910603,4.8063041731451674
2001,21720,total,490,5.878977012411773,4.207509490434248,2.5621756275855523,4.042176139454564
2001,21720,total,500,2.7885002339750904,2.4888035103841037,3.151921052755168,5.5674418655140405
2001,21720,total,510,0.8808741770079191,0.8518505305070363,3.1199054957503356,4.670227578458712
2001,21720,total,520,1.5276038489657673,1.5089838229228874,2.640422882480441,4.50416391563706
2001,21720,total,530,3.832661024354387,3.706601062342801,3.67920606429237,5.519950018839078
2001,21720,total,540,3.2359585689785404,3.024438898724678,4.6600601023700525,6.761470733576716
2001,21720,total,550,7.666804747560438,7.091624458587535,4.081398560009566,5.859393807833183
2001,21720,total,560,5.479730770491119,5.255579087200405,4.14485995816971,6.6112290148705775
2001,21720,total,570,4.864433620213793,4.333363942115023,3.269957347764296,4.726284054368659
2001,21720,total,580,6.094873944148541,5.300534637511967,3.854850227384917,6.057374376566253
2001,21720,total,590,2.683175524087902,2.577158839922206,4.545686594281494,6.349470433533401
2001,21720,total,600,10.154711227517446,7.899465744121111,3.9309891788016906,6.6236255158239326
2001,21720,total,610,5.996969536175855,5.806615968642505,3.6510716463358315,5.236843370934412
2001,21720,total,620,7.330006128398172,6.126320124042258,3.4629161159093447,6.3232447466287764
2001,21720,total,630,5.724938224369489,4.944716535933651,4.269176730963778,7.986666932133054
2001,21720,total,640,4.827005493620703,3.725361071863479,2.6121059373353477,4.574542704934237
2001,21720,total,650,3.445570604136436,3.1945820941307574,2.8871243181856245,4.975425242723689
2001,21720,total,660,3.109420919180775,3.0368706868487014,3.6111146704295445,4.76133320302868
2001,21720,total,670,5.108802851388081,4.739800968187546,2.6443277531985823,4.533085175541473
2001,21720,total,680,1.3942998668459536,1.3850517048115443,1.7719770875478338,2.7011710628338808
2001,21720,total,690,2.6357129878378758,2.1627633998731364,2.0837129951877817,3.9234975507687526
2001,21720,total,700,2.5383166093832177,2.727338124104273,3.538656275939692,5.419854103899644
2001,21720,total,710,3.841601340530416,3.0749557423962104,2.025384721442846,3.0870070395020117
2001,21720,total,720,5.741516926002981,4.946053883064204,3.218419583399897,4.987826752548036
2001,21720,total,730,4.695149789367436,3.8305443491106566,2.6527587871739855,4.238126846407646
2001,21720,total,740,5.182326775759098,4.754535945224556,3.6567322337663994,6.074732290928154
2001,21720,total,750,2.7154274081564753,2.0937232380726503,2.472404826646603,4.290327550634046
2001,21720,total,760,3.7122944557238515,3.566850768525587,1.6472815017387048,2.630274177720523
2001,21720,total,770,1.8409958867076885,1.7424549390118511,0.9422239342886319,1.383620117359112
2001,21720,total,780,1.3445618753601978,1.2459720785062474,1.2244795289755486,1.7943071604250982
2001,21720,total,790,1.853918272029054,1.5175679247550908,1.259566562410685,2.2504604478691728
2001,21720,total,800,1.2833799730793047,1.3008704219916087,1.7408578618355406,2.390490635556562
2001,21720,total,810,2.028166412584941,1.7650104874835717,0.9283830348795402,1.3341681488481414
2001,21720,total,820,1.8401850777710111,2.077334501679223,1.3844205549054562,1.5893390354504353
2001,21720,total,830,1.909281132270341,2.0573725226344446,0.8150513407512111,0.9906352669006238
2001,21720,total,840,1.131976316116044,1.1082135403851103,1.0550830307243406,1.227408345074657
2001,21720,total,850,2.5528753998468425,2.8265863581296484,1.1850664617575046,1.2523711144070588
2001,21720,total,860,2.2763156275585517,2.500769242015679,1.2578236982634714,1.324738880417099
2001,21720,total,870,1.836003075858396,1.5763541769256648,0.9614605139935931,1.3398118507516628
2001,21720,total,880,1.7036583864928223,1.7144581181654504,1.481381730300537,1.8800888254012447
2001,21720,total,920,2.247209906406183,2.382428017612285,1.195865765059338,1.2882636017109272
2001,21720,total,1000,3.0457457457621246,2.7292595970699662,1.4372427545342588,1.9547623463567982
2003,21720,total,240,1.41204375751512,1.3730799216937548,1.1999241265606062,1.2643084624699212
2003,21720,total,250,3.164111414237726,2.186651887125193,1.7939410468873251,2.3658959471255145
2003,21720,total,260,2.7256580734484763,2.355680748728743,1.6869242059813154,2.1390458407705317
2003,21720,total,290,1.5347459769295573,1.1925739481840423,0.9269433086299947,1.345064509769881
2003,21720,total,300,1.199218930451966,1.214774129843281,1.1732925361138076,1.2600498970988487
2003,21720,total,340,1.5651863349676212,1.5658861016240564,1.3723317157909118,1.9075030619117634
2003,21720,total,350,2.8341479191228824,2.295351253316009,2.6308967990102006,3.539066702979648
2003,21720,total,360,4.219225219088916,3.382098159081933,2.4111426501219273,3.469701723655488
2003,21720,total,370,2.5996027058610562,2.3013839714952375,4.843504276113061,7.808926140371963
2003,21720,total,380,1.100106701881848,1.083013835122987,2.5427953103426204,3.8810494210305118
2003,21720,total,390,6.549379386613362,5.713314210165756,3.5409266565894484,5.2550540748274415
2003,21720,total,400,7.844313319892722,7.926919510967651,5.685026358284152,8.919328904268705
2003,21720,total,410,6.169797669848683,5.3790318533815356,3.49152819007239,5.061379579313564
2003,21720,total,420,7.354339310902412,6.40373007066732,4.461201269756078,7.206188322768385
2003,21720,total,430,7.6338502945034445,6.522551367233098,3.725409631624137,5.432928974251736
2003,21720,total,440,6.963696903012175,5.73110858410699,3.663478428866801,5.494522757982147
2003,21720,total,450,5.153415816382421,4.731095664183667,4.610439015204079,8.018520994273072
2003,21720,total,460,6.645060761941824,6.292567246431601,4.693645832453308,6.263289584947264
2003,21720,total,470,2.025346385054841,2.238270859530068,2.985972056902017,3.5377369933498386
2003,21720,total,480,3.426265569382818,3.2792675850950634,4.067903663369492,7.319878131347398
2003,21720,total,490,2.124585234819706,1.9836808790746998,4.265909353246576,6.872862024461512
2003,21720,total,500,8.03494869376306,5.7167971651931495,4.623301663002356,7.587188135946025
2003,21720,total,510,5.242149255102098,4.396472890980963,3.4530750172665607,5.417896127539483
2003,21720,total,520,8.951185301726655,6.687484691760399,4.5190398942505645,8.081709880403494
2003,21720,total,530,11.151914036281264,9.137239468435684,5.03682539117025,7.806416929260317
2003,21720,total,540,6.611817160939709,5.053741861945728,3.6356543709696765,5.522270765933252
2003,21720,total,550,2.1946604040501683,1.8879159472111806,3.916931593880365,7.066619547521703
2003,21720,total,560,3.2375611062308285,3.043586669533532,4.74561028575081,6.523426173952137
2003,21720,total,570,5.245760039473574,4.560813612706893,4.12017120766683,6.558752326992218
2003,21720,total,580,5.03658242753498,4.286202899402458,3.566653207561884,6.58342277253976
2003,21720,total,590,4.077346959492246,4.0369457226482925,5.054361510208893,8.633753901303452
2003,21720,total,600,1.587264646404349,1.5308222456735636,3.569576999217718,5.402644672861282
2003,21720,total,610,4.289730365603441,4.968751557930448,4.825959688977953,7.279084735440351
2003,21720,total,620,4.113279482211727,3.8576995468068946,2.2634887923746305,3.238486769823046
2003,21720,total,630,5.639281153130904,5.080289639263553,4.049981115693259,6.640793089549868
2003,21720,total,640,7.046626013699917,7.413797739419237,4.399232533284598,7.265654327143671
2003,21720,total,650,3.1460991265728633,3.323027700500272,2.8484878281063213,5.078029169754055
2003,21720,total,660,3.2730076456961963,2.701977448234439,2.6348837043530553,4.779799402140104
2003,21720,total,670,6.702945983146399,5.038273821175662,5.003149071432669,7.84216334771947
2003,21720,total,680,4.529373998394748,3.7380473613339373,3.0323856851916284,4.8277894947952245
2003,21720,total,690,3.161941104725442,3.10096482689673,1.8467761461568335,2.9348627908617533
2003,21720,total,700,7.014938005994607,5.884565049165948,3.3857863152671097,5.79120313948713
2003,21720,total,710,4.56352754239603,3.021216008343194,1.43497128000136,2.5953362211054865
2003,21720,total,720,4.6221654529993215,4.5962712054500745,2.7699753500479454,4.136812763472059
2003,21720,total,730,3.2337503930728406,2.451508967532391,1.693892152123319,2.835671586501343
2003,21720,total,740,4.88178578332354,3.3078538614931348,3.5258102612721745,5.531349852189354
2003,21720,total,750,3.9611696445675677,3.4098523749416985,2.4864961203013523,4.2034661444753105
2003,21720,total,760,2.0618632109190065,2.143063121806615,2.206801694988904,3.612385639086046
2003,21720,total,770,3.2185311114308974,2.7921030124857213,1.855630877478615,2.301660366951914
2003,21720,total,780,2.4658018261145953,1.970154971225557,1.1258933254970256,1.4825539310863873
2003,21720,total,790,1.436511061657442,1.420310615634858,1.7124658594178837,2.1882133671098125
2003,21720,total,800,1.7424134138116034,1.2841586557682092,1.2822141129805078,2.919269962668712
2003,21720,total,810,1.753106670575288,1.6590924854334448,1.6855537302426542,2.271748985552852
2003,21720,total,820,3.0477284194844856,2.70507373301639,1.7451358462690885,2.341759925872513
2003,21720,total,840,1.700320540151796,1.5455759935895212,1.420742675751912,1.8115332907421882
2003,21720,total,850,1.5651456191901632,1.8887983705122893,1.2284438044726806,1.4060392419899932
2003,21720,total,870,2.0535030230238704,2.5223522801795326,1.1864147223245822,1.2350405641731026
2003,21720,total,880,2.069272408260115,2.5253263483415473,1.2248621852642345,1.2812863333432158
2003,21720,total,900,2.444782933518288,2.6543798396090916,1.2953919951535744,1.4484020717391448
2003,21720,total,910,1.799473925604431,2.1813612358140952,0.7124882970493158,0.9638715144945853
2005,21720,total,220,2.090603986379868,1.743421219241332,1.38778684705142,1.6131856721827482
2005,21720,total,230,2.008484193858194,1.840907852123791,1.4777807848335593,1.7330024021519492
2005,21720,total,240,1.6860386253230035,1.5159845970016406,1.6389179692902613,2.0853642759350897
2005,21720,total,250,2.1726409765181436,2.006326617017893,1.5783841832443153,2.0496311914351497
2005,21720,total,280,1.7549603142896408,1.8756591960134434,2.1881626931418157,2.6780728236744635
2005,21720,total,300,1.6491807582379308,1.6410967295568744,1.6281926384216652,1.6832227610600738
2005,21720,total,320,2.2856435287309136,1.5619689227731108,2.983853486287073,4.497103386883604
2005,21720,total,330,4.421341072925514,3.75887259211104,2.355761353744097,3.271016426891159
2005,21720,total,340,3.7695536908640435,3.562903195844754,2.2811769791915113,2.514222623060433
2005,21720,total,350,4.442210950622457,3.849696376615152,2.3191728613802862,2.9454086224447993
2005,21720,total,360,3.3305322313846615,3.0919602562644206,2.8965201442326998,4.450795765035612
2005,21720,total,370,1.7896185997971736,1.5460275376209522,3.6608834817356484,4.518336772701553
2005,21720,total,380,4.572925339573528,4.012325469537059,3.172565158868729,4.128731470988858
2005,21720,total,390,2.691613803628055,2.5221826534237253,3.3413934004289185,4.956729511375238
2005,21720,total,400,1.3074750717869137,1.2350038155473135,2.9028601414417277,4.1381202635578
2005,21720,total,410,1.5699020623053601,1.561324727829574,3.101608427215132,4.5957016635611705
2005,21720,total,420,6.15233461754375,5.173925393173963,3.327240644102746,5.212935718334812
2005,21720,total,430,6.105368795775204,4.6610766151441725,2.728424169254554,4.528393413157325
2005,21720,total,440,5.357712314216779,4.90132425589668,2.7609801114704893,4.057666241922558
2005,21720,total,450,6.077214442207827,4.944888797209525,2.7996809044193585,4.310345546294629
2005,21720,total,460,6.262765971122863,4.996912125762388,2.6568812143055354,4.194884176193825
2005,21720,total,470,6.190806665336177,5.418250065235952,3.177296746339424,4.630130614772847
2005,21720,total,480,4.945448595859367,4.3495137770195536,3.01821432537365,4.078739286756695
2005,21720,total,490,2.4605698207364384,2.1135265560089804,2.7029578400848275,4.4128450048228505
2005,21720,total,500,2.062023062866127,2.364774722094686,4.119452844845463,6.135652152913539
2005,21720,total,510,7.544301094082851,5.93286859289005,3.281810068743159,5.968688347014353
2005,21720,total,520,0.8931351791554103,0.8884570945885695,4.767925132576821,7.182345907695625
2005,21720,total,530,5.13435729904112,4.181715452122526,3.4075053624704426,5.9711985575378845
2005,21720,total,540,5.7896754195241105,4.150540007604752,2.8540874805703575,4.466705601246269
2005,21720,total,550,1.9323103378925652,1.9091892842750595,2.666353884012567,3.8277390233207447
2005,21720,total,560,4.962917385509746,4.733044430727418,3.0200639001437235,4.480937114024748
2005,21720,total,570,4.627320422980563,4.453077140248715,3.2280213130953714,5.5796568167187885
2005,21720,total,580,4.082426040983737,2.8126046678735044,2.9851570824775937,5.989554552541605
2005,21720,total,590,2.205337301742446,2.287493126983446,3.424553931949697,5.153799941669382
2005,21720,total,600,3.658923447351881,3.489306162389022,3.6735581399119965,5.396284007241129
2005,21720,total,610,3.347467208281573,3.2081900221208803,4.477452505653239,6.507491813918289
2005,21720,total,620,2.8760580410237977,2.662489081396691,2.021806573362768,2.59077074232349
2005,21720,total,630,3.2412618777699422,2.753199984949314,3.359831594696342,5.708103430924305
2005,21720,total,640,4.893472251880745,3.0917291993299942,1.4562614162906586,2.4527779064909603
2005,21720,total,650,1.0320842392579919,1.0720035297376704,3.7814893282092155,5.157960879120247
2005,21720,total,660,6.067672569335675,4.2496765207006115,1.8966425335460397,3.653898749839848
2005,21720,total,670,1.654619245233545,1.5306844698159392,3.536636212109089,6.109453950021818
2005,21720,total,680,3.4216561646586223,3.1337978835996227,2.1959219819285476,3.251587262170526
2005,21720,total,690,6.102142164770311,4.992120767824142,2.5278984714108375,3.490751881576582
2005,21720,total,700,3.9629819326337223,3.7905454946773216,1.5926801608814534,2.328772503310753
2005,21720,total,710,2.49133712532425,1.7286846778279739,1.4974273181151345,3.250909987078972
2005,21720,total,720,1.2255708280365833,1.1627194007496895,2.500316304832736,3.4337848181324464
2005,21720,total,730,2.4492177998602376,2.0562636240113332,0.9915310266673779,1.627010852109552
2005,21720,total,750,1.9115168748372122,2.195825811839949,1.1534051239216654,1.1906318589444618
2005,21720,total,760,1.5502718862867042,1.6029188044030052,0.8586741243597515,1.046700663241015
2005,21720,total,770,1.9801111321023264,2.3076472849562473,1.1451962380202547,1.2690422781367354
2005,21720,total,780,2.32753312803478,2.2924385247531016,0.984798993637822,1.4150005862240005
2005,21720,total,790,1.9192761289954055,1.8858735148292722,1.4052995687469116,1.5763203867473496
2005,21720,total,900,2.0819455385520604,2.7791224691120506,0.9485922721550446,1.0805741990994606
2007,21720,total,260,2.8236449789557936,2.227495852050768,2.203688865079237,2.8219976580712403
2007,21720,total,280,2.458945334640653,2.1791472764974804,1.6318857985696,1.9686294061343936
2007,21720,total,350,2.0933366423148887,1.900528731175312,1.7026587384846208,2.5047930033203656
2007,21720,total,360,1.8832812973039674,1.7020991304817379,1.4552453277147634,1.646401773252916
2007,21720,total,370,3.849054634257616,3.0412889660917912,2.10472853576151,3.1872238156299932
2007,21720,total,380,3.5903798345688354,3.0207946001549226,2.4405886485667136,3.379621538715171
2007,21720,total,390,4.349142584503205,3.586503022590658,2.2508378999458616,2.9772465316936305
2007,21720,total,400,3.2254458853691346,2.6893358763982724,2.075646169534263,2.7360501878250294
2007,21720,total,410,1.423424281157896,1.3388552540097323,2.199276166835606,2.985553204390456
2007,21720,total,420,1.0576296001840053,1.0894537940506224,3.764006776940552,5.457187866545446
2007,21720,total,430,3.7832048199528217,3.610222350698842,2.1944916265086425,2.760301130826053
2007,21720,total,450,1.4707741898260307,1.3680520363452546,3.049872086112967,4.350082433112143
2007,21720,total,460,1.8479782376800749,1.6670633840531706,2.4278422287989168,3.2883460012936436
2007,21720,total,480,1.447992190823091,1.236904552579126,2.1470573795791545,3.0501122242359053
2007,21720,total,500,4.779489166465506,4.275059462933449,2.638093782463866,3.400467833381069
2007,21720,total,510,5.164013591425013,3.617466385306521,2.445144655809875,4.433789194276197
2007,21720,total,520,4.33748357002704,4.071028534700112,2.0460228932186797,2.713325642757531
2007,21720,total,530,2.631457442123858,2.3017552921487496,1.5682000934920755,2.379872696287442
2007,21720,total,540,4.050131083963083,2.695651547206496,1.5121364784129436,2.306145602444287
2007,21720,total,550,2.4093930705484037,2.283288302353854,2.9552584523088967,4.533986511454241
2007,21720,total,560,2.9997405340541263,2.6452063763152447,2.500069701040091,4.156516886425694
2007,21720,total,570,4.305978566897495,2.9016826750831837,1.8365514344662144,2.8232669126400665
2007,21720,total,580,3.815511204299511,3.5339291096005723,2.912841126740815,4.1384854391616805
2007,21720,total,590,5.422386238041638,3.8095288095521567,2.6879581692488865,3.7539497460431477
2007,21720,total,600,4.351315462081633,3.7583604125250667,1.9687745154014182,3.234990419845819
2007,21720,total,610,5.702308731683074,4.4683491289334105,2.8747853217854678,5.084093873213635
2007,21720,total,620,10.225666380599582,7.132173199383633,3.4551958322860816,6.468619813455762
2007,21720,total,630,7.125738511086171,5.153084561817991,2.419828153586839,4.316359135726669
2007,21720,total,640,4.7778084425422245,3.1895760278778162,2.773963608079046,5.442197732880572
2007,21720,total,650,4.3532349111003565,2.9655672436977527,1.3880351807589126,2.663963502424283
2007,21720,total,660,4.578336624434161,3.063175701407358,1.5284412073656282,2.349125851715045
2007,21720,total,670,2.9212808584931103,2.431226415555249,1.4887518058969436,2.385046724058892
2007,21720,total,680,1.7694473424935149,1.47705774979726,0.93006465699808,1.2622437268644242
2007,21720,total,690,3.4217923641470187,2.8051964524393873,1.4800309797657105,2.534719111753043
2007,21720,total,700,4.230041915632161,3.366118920411265,2.156471707461508,3.8756328402015554
2007,21720,total,710,1.979527430817682,1.6787086881615125,0.9892585841962028,1.251511423460828
2007,21720,total,720,2.645104460696397,1.8601075019719033,1.6270652158143164,2.9255176920106507
2007,21720,total,730,1.6021028283888663,1.3290780833991627,0.6064467392825902,0.9089755284879509
2007,21720,total,760,3.6004851891888174,3.6175805614830785,1.8870119068434672,2.273340051248286
2007,21720,total,770,2.6151321445763105,2.1463449882311796,0.9241720295353313,1.4114922089809847
2007,21720,total,780,2.110622916602284,2.1139454344279027,1.1985844805575465,1.2626363296950205
2007,21720,total,810,2.0234690752364908,2.1317890099647387,1.2834130478931682,1.3913907811757675
2007,21720,total,840,1.8227827715155618,2.215066864300795,1.225254803187065,1.2799494964984608
2009,21720,total,230,2.551054130758721,2.004049215257162,1.681353237690252,2.1558257858446703
2009,21720,total,250,2.4310087826074844,1.842283367702167,1.2809564826703956,1.9251278607271503
2009,21720,total,260,1.4874221084282322,1.3655000908423733,1.4068509235828461,1.6044899515720847
2009,21720,total,270,1.8570819451687257,1.3726561570627314,1.450275419309614,2.1944739191897034
2009,21720,total,320,1.648224816165173,1.8267082607220697,2.2072544671438363,2.7204976576807978
2009,21720,total,350,4.131605725591602,3.654841684542287,2.096900606361536,2.83056456660638
2009,21720,total,360,3.202996489608831,3.002616223696024,2.4908368242911085,3.457422977902677
2009,21720,total,370,3.3674334252362765,2.559025338146273,2.160828020347758,3.019850669868855
2009,21720,total,380,4.307910334647546,3.734398521706754,3.7137550443589915,5.1466152471366655
2009,21720,total,390,1.4106671354135245,1.3124058842166457,2.296136238150619,3.5325768370684667
2009,21720,total,420,1.4247986351118047,1.3095554848488093,2.338445243227986,3.245645596620753
2009,21720,total,430,4.838787475270185,4.718903825640135,3.304154711707763,5.376250003364728
2009,21720,total,440,1.7160947355720957,1.5222071230762098,3.2817488955727527,5.194006623091938
2009,21720,total,460,2.729617240175156,2.525931971153942,3.423729621522654,4.345985286451589
2009,21720,total,470,2.980530560597774,2.6325941837203524,2.9358629171616455,4.082288521658634
2009,21720,total,480,1.4057484614019942,1.141895490258872,2.0729853035977417,3.2234704177326985
2009,21720,total,490,4.804433474064437,4.187308698572643,2.227835204300163,3.1296240160793376
2009,21720,total,500,4.143073883014218,3.713387494136865,2.3253593640513146,3.002544450236784
2009,21720,total,510,4.589942735186048,4.095831786394087,2.558373798961033,3.6205236151474387
2009,21720,total,520,3.550598351060432,3.6527535222785628,1.6908477265607558,2.3638936598528493
2009,21720,total,530,5.025464996042241,4.489455246420203,3.411437579527036,4.9723568056606755
2009,21720,total,540,2.380315926366228,2.217885636787952,4.008052386633849,5.552924869695396
2009,21720,total,550,2.541281658969884,2.47491700080237,3.3445929823052385,4.728122471485694
2009,21720,total,560,3.762991943150865,3.52750194965923,3.4329543661287656,5.45488456925631
2009,21720,total,570,2.0505277932247483,1.7468479667717562,2.1663498695333536,3.4758477047484098
2009,21720,total,580,5.486378433371254,3.6885361146918756,2.017295537497973,3.26109636282452
2009,21720,total,590,6.381621445262994,5.665459729992046,3.4672687247791054,5.293162694623075
2009,21720,total,600,3.624695579056805,3.5344452825371495,3.215303759278407,4.969359338909189
2009,21720,total,610,1.8791986824765208,1.725259310287591,2.012626043326059,3.1331243488315166
2009,21720,total,620,7.664985605633358,6.061151701298193,3.3996507951416737,5.344648885054314
2009,21720,total,630,6.834922543922497,4.932400901170848,2.8629182067776138,5.602943078090526
2009,21720,total,640,8.400211137733223,7.175916876487535,3.781048262824322,6.253615904602295
2009,21720,total,650,10.157141572872016,8.215971577287132,4.0842002059483296,6.896388256036527
2009,21720,total,660,3.1500652979358423,3.1337857072551585,2.4114386591978985,4.318177792135935
2009,21720,total,670,6.215265718918434,4.825900307595529,2.705892045845876,4.77448036256599
2009,21720,total,680,4.50871236632365,3.497683441434629,2.1884657705866735,4.00170598235992
2009,21720,total,690,4.135633851381958,3.2470544969118142,1.4005588698295852,2.4680733951202907
2009,21720,total,700,3.6332406757303404,3.269194555140657,1.876859948387948,2.7125685666151607
2009,21720,total,710,4.116535879179457,3.9717273208072523,3.936980920132848,6.233821322854757
2009,21720,total,720,2.751498949311946,2.5455974018535246,2.030401070404621,2.5705381813272687
2009,21720,total,730,2.710573730112009,2.1063952512504533,0.9643128278701562,1.3059203148763678
2009,21720,total,740,3.4560022247450735,3.0117407818334097,1.5916622204744042,3.0385095995144824
2009,21720,total,750,2.033902038155436,2.0287695839482067,1.2606558162598065,1.7908755427547678
2009,21720,total,760,4.734994493364367,2.8359769351831035,1.5840132117657357,3.099333025239969
2009,21720,total,770,3.9955025350334057,3.242429779662551,1.8956201568276423,2.956511582845057
2009,21720,total,800,1.8657706683960202,1.8706686793801968,1.1679409484478995,1.418550295460581
2009,21720,total,810,1.7594057590037624,1.6755944184134803,0.7237917906928452,0.9932447226834965
2009,21720,total,820,1.4520183637696562,1.4365903187266362,0.9935981850173737,1.3760793055998914
2009,21720,total,830,1.4670506362678102,1.7750035663982633,0.8367177789341896,1.0001027274959045
2009,21720,total,840,2.338168321587285,2.2936533904248244,1.4680811394575934,1.6906768536518655
2011,21720,total,250,3.1472690200616253,2.4502880877942874,2.0367264536369096,2.7632860274101403
2011,21720,total,270,1.361013928876607,1.3599311242037313,1.16682568460551,1.2166987694487967
2011,21720,total,330,1.63840907584683,1.4961367434521917,3.0091239827843785,4.432785390077411
2011,21720,total,340,3.529916381485214,3.0487295813429527,3.358782274052528,5.212771751669415
2011,21720,total,350,3.3666900433674583,2.950450284291643,3.9888536051016663,5.977124010556026
2011,21720,total,360,5.169255423936848,4.5367476924519385,3.18798842125084,4.239423601916471
2011,21720,total,370,8.97629116732242,7.336292173473513,5.154648250437796,7.820303236657276
2011,21720,total,380,5.590201692026345,4.481495346317928,3.5515933851059542,5.280209405320448
2011,21720,total,390,4.625900275551961,4.16160606136908,5.726733641913564,7.725501427144178
2011,21720,total,400,6.042835567794869,5.509561724521281,5.3086577796773184,8.565972421170427
2011,21720,total,410,3.3295211879369466,3.1441041162400873,5.281503874920847,7.959259926041863
2011,21720,total,420,5.199583329937653,3.6632702741263348,3.5057116262033916,6.7350561025704785
2011,21720,total,430,0.9850550379048661,0.970966140545819,6.577242778290252,8.954648594063269
2011,21720,total,440,1.0756446285940806,0.974506410199428,3.4937985695616636,5.74744082499977
2011,21720,total,460,6.633409864729123,6.011055331432581,4.835634008500283,6.823012763343895
2011,21720,total,470,7.5950480771013,6.784786261829965,4.690465578957207,7.827344980680068
2011,21720,total,480,6.649992533041068,6.187439698019264,6.09493811155191,9.09037706899181
2011,21720,total,490,3.67558198782658,3.202556236946837,5.286080755229421,8.212132742010706
2011,21720,total,500,8.585154057915304,8.332273277039414,5.570388999475645,8.247291337580393
2011,21720,total,510,9.128414123675444,7.59048420205786,6.545745274595819,9.675930491109277
2011,21720,total,520,8.048945832037662,7.1337818814535465,5.3195778289958175,8.74387907130097
2011,21720,total,530,5.0121977786454694,4.416173363175601,5.3069987856691245,8.715867874051476
2011,21720,total,540,2.3416865218536005,2.1028106322843936,4.731108251338954,6.88084701302714
2011,21720,total,550,9.6713474317176,7.556854590719551,5.7897640151154395,9.051845246566854
2011,21720,total,560,5.506355509658451,5.052964429045367,6.302697208337573,10.566935554874494
2011,21720,total,570,0.5481778388582649,0.5405156266822817,5.930333329818455,8.759662465899156
2011,21720,total,580,7.211333799797127,5.257481572415049,4.005270698441827,8.994980178369099
2011,21720,total,590,8.559852665208236,7.942549166117335,5.394194927740657,8.546793607453067
2011,21720,total,600,8.257219228639837,7.856298892849837,5.614558308351958,9.125069813403472
2011,21720,total,610,12.331074274987733,9.896881750912309,6.508520004636535,10.5021546945448
2011,21720,total,620,6.780869723104317,6.630046218097368,5.03326443424646,7.479725060327102
2011,21720,total,630,4.891217883024596,4.633004175391769,6.4209427013924625,10.36558106952253
2011,21720,total,640,3.6481086017466073,3.545633371463995,5.885695434691809,8.821125211828766
2011,21720,total,650,4.319742503677715,3.7219959580991286,5.832039430186685,9.21916511597325
2011,21720,total,660,7.611821088255419,6.5771540895201435,6.582535878506369,10.196016937724352
2011,21720,total,670,4.159835447893772,4.019597842115494,6.001819441721082,9.526075984577675
2011,21720,total,680,4.21354195939906,3.754668099831245,4.646800651799434,8.227935766337444
2011,21720,total,690,7.293210676610435,5.443379242382808,4.998644156799285,8.327261981953663
2011,21720,total,700,6.55502877075608,6.259788954794795,3.4473823915470985,5.1662202010609635
2011,21720,total,710,6.955221401209285,5.587147035345778,3.317916055105389,5.574198036813965
2011,21720,total,720,6.302986406912937,5.643380366059922,2.794707041617633,4.548674192213614
2011,21720,total,730,2.7400428438449214,2.626431481040312,3.13683640683907,5.006606348541017
2011,21720,total,740,2.5332787382794613,2.516793709702901,2.031977193008778,2.708539989609971
2011,21720,total,750,4.337063556736718,3.596538264655905,2.1663453172371883,4.150847849355116
2011,21720,total,760,3.7123611797980947,3.64596856206997,2.544813311694351,3.8778583086930123
2011,21720,total,770,2.0068962911303965,1.874534246108985,1.6847661672961045,1.973190125554913
2011,21720,total,780,4.299470441355247,2.2679230858891652,1.715550676006071,3.296204606671426
2011,21720,total,790,1.6536074262251275,1.7403272319544782,1.5224677036041458,2.240837088421161
2011,21720,total,800,1.5082961842857445,1.346124224248114,0.8593238523669348,1.1483702615760858
2011,21720,total,810,1.9838448832475457,2.3444573409087175,1.1969865377849505,1.2393465010757465
2011,21720,total,820,2.0676829839241204,2.225335887110906,1.195088918952497,1.2166675013360142
2011,21720,total,830,2.2535001392302534,2.3338719652745974,1.3005101712516793,1.4218112741945823
2011,21720,total,840,1.9127941623376994,1.7630299941093164,0.8332661600298444,0.9837868411641978
2011,21720,total,850,2.183667172952062,2.403409416798844,1.3402468285353697,1.5146213722519883
2011,21720,total,890,1.5931041146846303,1.5999082890810528,0.7844929997196041,0.949070238262868
2011,21720,total,900,1.9298842299023165,2.0511269751876946,1.1632825616610398,1.1951402034290586
2013,21720,total,240,4.48964518181657,3.4592765971648824,2.6378338526926246,3.4545067423439084
2013,21720,total,250,3.4622960880032583,3.0606492780234427,2.461576706395195,3.13103835462102
2013,21720,total,260,1.4928881601856412,1.3595195767147068,4.3700676788559,6.164119032657891
2013,21720,total,270,1.4435080391851558,1.234971568795409,2.581121065007967,3.533234166930762
2013,21720,total,280,1.9081135992894631,1.4711651544437672,4.77131074735548,6.780441795514619
2013,21720,total,300,1.3531462545683919,1.2629969836593098,5.769032017682667,7.712339438317509
2013,21720,total,310,4.580733506920034,3.7370300571054935,3.2458842472935907,4.517525493763752
2013,21720,total,320,3.6638696019374226,3.2785544138291254,3.5938064593587122,5.863897096341371
2013,21720,total,330,1.9275283907437173,1.5021192623086297,2.172598244762607,2.80209242611357
2013,21720,total,340,3.7447103875748127,2.8518178971320842,1.7430994737103265,2.3545045200214565
2013,21720,total,350,4.882374424436018,3.747255923647404,3.0320656512156843,5.15585087767572
2013,21720,total,360,4.252812030204342,3.779969002945755,2.817983652817593,4.001876287152267
2013,21720,total,370,5.291742203879936,4.331474900028868,2.6425144537798073,3.8493969707729434
2013,21720,total,380,3.5656295151819632,3.058262758518544,4.7171355386778755,7.102134129232719
2013,21720,total,390,3.5654319866011273,3.146907075159421,3.0467474138196784,4.253960984201042
2013,21720,total,410,0.9177326565241712,0.8573834332489395,3.836290748988545,6.338023668871979
2013,21720,total,420,2.3608393439689905,2.314190157890947,4.144477643917501,7.195993784444624
2013,21720,total,430,4.045559573516204,3.735616464884012,4.7813087531618415,7.026293117797007
2013,21720,total,440,6.287013308198744,5.292744044795173,5.497812992300522,8.880001980477477
2013,21720,total,450,0.9076901635758533,0.8538313344170136,4.478310885205517,6.120392544243506
2013,21720,total,460,5.237840640600374,4.581324157935412,6.955305162662705,9.74252260273969
2013,21720,total,470,6.867010883073038,6.11327442300296,8.737134450318164,13.868313266926966
2013,21720,total,480,8.19825507264903,6.821044239350632,5.022631274629942,8.175337442657563
2013,21720,total,490,7.030138886205516,6.457209728839802,7.313270206174866,11.33482679507565
2013,21720,total,500,11.134335257195902,10.150063743277304,6.5589312650064295,10.971403146494861
2013,21720,total,510,7.403987063218665,6.907379832044445,6.057454168362939,9.747004391061722
2013,21720,total,520,8.324235092963242,6.645188139513391,6.599799301619997,9.85051938986757
2013,21720,total,530,4.90452479941347,3.941329066509589,5.478217759532367,9.341055656260165
2013,21720,total,540,7.0758243198524875,6.457827922701728,4.280165088252084,7.503234130677004
2013,21720,total,550,6.670354683700709,5.546497883973532,4.822307319534064,7.418267589409923
2013,21720,total,560,12.656755329961392,8.016193697322894,6.819175231955866,12.523083001107652
2013,21720,total,570,8.564553784475219,7.610199394442222,4.480300346346085,7.098425491825011
2013,21720,total,580,9.189164766044007,7.592916939175255,5.470108573272419,8.857336924721348
2013,21720,total,590,2.4594815725096635,1.9431479141222145,3.3098582369032545,7.018785587663091
2013,21720,total,600,10.071616700350814,7.828950444045252,4.976322360380699,8.690207226343349
2013,21720,total,610,6.686744113816642,5.203557276923026,5.003339070692866,7.427088033394951
2013,21720,total,620,13.310119287049858,11.114440383998886,6.956697388007925,12.111278751550346
2013,21720,total,630,4.761152303553823,4.410861258883203,6.262867858069318,10.111209627663586
2013,21720,total,640,7.896892658209863,7.824733130578445,6.895928220247652,11.853576820987609
2013,21720,total,650,5.5979934383416605,5.382915262716707,5.461203858465485,8.29932462307766
2013,21720,total,660,5.775278890701117,5.3826464240012015,5.187899104748956,8.583506376774217
2013,21720,total,670,6.570127354352959,4.595608896096311,2.387859838769428,4.602307428725833
2013,21720,total,680,6.177495055092404,6.116762118550963,5.138869385176181,8.286346719189929
2013,21720,total,690,12.463940591129624,10.350895385240289,4.967376125707805,7.743575950303959
2013,21720,total,700,7.5520284159693025,6.642181991699881,4.967141417018192,8.262174701469197
2013,21720,total,710,5.201866946714279,3.303566693540692,1.6525392438829536,2.784759732547272
2013,21720,total,720,4.8956959699220235,3.9078586450969626,1.5843375536266033,3.6640353710879117
2013,21720,total,730,3.815470890930368,2.706215164317295,1.7127241494049594,3.51805073752891
2013,21720,total,740,3.0593542404685974,2.8237020472989256,1.3192116479017622,1.9989598292903317
2013,21720,total,750,3.1394496318400837,3.0633128954948643,1.245553977915913,1.6076592772796305
2013,21720,total,760,3.5485878857263593,2.388264853507539,1.0798489109697225,1.754243376847647
2013,21720,total,770,2.579973315589928,2.1424101348728266,1.2140454839169132,2.125297849362257
2013,21720,total,790,2.343121060435771,2.3193623217086374,1.4599197296513162,1.6439009949255183
2013,21720,total,800,2.0994769989717326,2.290430047174749,1.2065997825316321,1.263677447136979
2013,21720,total,810,1.783065049578931,2.0192261603197608,1.558210712171727,1.9710210640954524
2013,21720,total,840,2.147355034748637,2.400433555899502,1.223092712002431,1.3210975341613087
2013,21720,total,850,1.7915538164058566,2.003376025492973,1.3718105551100195,1.5045954921977478
2013,21720,total,880,2.1353440683601916,2.384990421706409,1.1928895108121682,1.2484346873826409
2015,21720,total,230,3.6222779800831204,2.5300522116930413,2.248556565442692,3.4034927933017096
2015,21720,total,270,1.6072516843477211,1.421947706022378,1.289982878793178,1.5650600710577987
2015,21720,total,280,1.7262903739887623,1.3308716016042197,1.3526435378599144,1.660245843343668
2015,21720,total,290,1.2553700093425426,1.3056816122729107,1.1644756430126177,1.1622868489567795
2015,21720,total,310,1.4688495845603398,1.2151694985700492,1.6261532974314037,2.138371391494602
2015,21720,total,320,2.171125975003137,1.6972228756825205,2.2899955089379436,2.8104109739266896
2015,21720,total,340,1.351565503965006,1.1954131449628602,3.575532769094251,4.898758817499031
2015,21720,total,350,3.471715388827988,2.7073608124992043,2.8825429219562855,4.292648797544373
2015,21720,total,360,1.2860680644600697,1.261959310305882,2.59380600472487,4.152874700203963
2015,21720,total,370,2.9001437034202455,2.413508193754875,4.284564602955188,6.127656147287083
2015,21720,total,380,3.6561266321600874,3.523457773460032,3.6424560496420155,5.61264539130186
2015,21720,total,390,5.0326725236611365,4.526077092731943,3.7963454577202795,5.205723978240397
2015,21720,total,400,2.9015524913738773,2.4997094829423583,4.680240315017089,6.875044669491826
2015,21720,total,410,7.502453222761266,5.937723452668712,3.80902346513359,5.735554661905795
2015,21720,total,420,1.9844744051560772,1.9639546577153986,5.697962623263929,9.116892198135917
2015,21720,total,430,4.3679618693258995,3.5587869398595706,4.855328600651942,9.781422350576133
2015,21720,total,440,6.663097633964287,5.504532086453804,5.864487495747404,8.514651210008832
2015,21720,total,450,2.0843559461213745,1.927457867509465,5.984143091853343,9.911484342174923
2015,21720,total,460,0.6772963072853292,0.626003773264349,5.522664944285787,7.668900719895691
2015,21720,total,470,2.3109801691034266,2.043828488075229,5.3374829865263775,7.3514938614691365
2015,21720,total,480,4.7226218939978555,4.190877680533796,5.954004472069578,9.006789547269578
2015,21720,total,490,10.072249900547195,9.753108581752162,6.891020191305355,9.051086250281122
2015,21720,total,500,10.47755800764505,9.518348828522363,6.444173036522205,9.851139375996835
2015,21720,total,510,11.430910708186797,9.44707752697499,7.608092571318213,11.338722622822958
2015,21720,total,520,13.137919175595028,11.486801831711167,7.117344582741225,11.208597287564487
2015,21720,total,530,9.431658370774203,7.307865003480953,6.368710252291048,9.26869873196821
2015,21720,total,540,9.01236693684395,7.8687393052038,5.625760455176614,8.65898604977614
2015,21720,total,550,9.720396775014537,9.249411879099446,5.636935077282323,7.810963604430019
2015,21720,total,560,5.840035820889018,5.135173081009156,4.487800957432422,7.9450452743596225
2015,21720,total,570,7.287570039410677,6.7704813964775985,6.287167064065839,9.467843416109586
2015,21720,total,580,9.55414518523157,8.287829432373421,5.521090067499622,7.879667127586497
2015,21720,total,590,4.457892074790152,4.672335994977053,3.6105470094804217,6.757097134126122
2015,21720,total,600,3.405202843312654,3.4156597404759754,4.3839182727595025,6.195169697634692
2015,21720,total,610,5.9328425484019816,4.840407841948357,3.4757125803697813,5.3156377274903495
2015,21720,total,620,7.943782378010665,6.7320392212180815,3.3967309110498434,5.016794383577275
2015,21720,total,630,7.399861093446073,5.977076595925424,3.339015332404461,5.3688685310816
2015,21720,total,640,7.616392360012456,5.464806154796505,2.58845898426502,4.6734505537836535
2015,21720,total,650,11.515057551752536,9.652529426017006,5.302234900101834,9.126019616827795
2015,21720,total,660,10.312185847915499,6.809567561570913,3.3264020803972665,6.499141917234032
2015,21720,total,670,5.492830658915192,5.553439725002576,2.4639796638966325,3.9467991793511983
2015,21720,total,680,4.61894026215651,4.073860229590742,3.033092350837033,4.646458366855584
2015,21720,total,690,2.889832798777164,2.36834317119344,1.1728367195946563,1.7010226583583605
2015,21720,total,700,1.2578065003504977,1.3454070046338342,1.832407602952235,2.7650628575996867
2015,21720,total,710,3.590651787423619,3.2323953144450637,1.5149700860358493,2.1974172462297217
2015,21720,total,720,3.2306077350482942,3.123383368198139,1.7866843090244524,2.0306972640857053
2015,21720,total,730,2.794524753786701,2.178495416879581,2.8107704122582806,4.441154297432497
2015,21720,total,740,2.7103579235491333,2.4237143068086233,1.3530017289201248,1.8295088474459844
2015,21720,total,750,5.165266328243306,3.451616885935708,2.326264818779639,4.8160550511153435
2015,21720,total,770,2.57043617581964,2.2958041270482683,1.9439521961969148,2.8534302936673797
2015,21720,total,790,2.222934287425334,2.2117056554502144,1.1522953354757368,1.595165537686044
2015,21720,total,800,1.6766485598975134,1.4543755195587342,0.7888501081682714,1.0638720875095555
2015,21720,total,810,2.121622777274866,2.004221014008051,1.147990287311323,1.2174449279069304
2015,21720,total,830,2.16789864993957,2.450201523744483,1.1786987361810843,1.2447240498594965
2015,21720,total,840,2.38879077084054,2.2543376173541527,1.5446983960733338,1.8130628971535752
2015,21720,total,880,2.071647801253563,1.85425232819703,1.4199086064396382,1.622576474241156
2017,21720,total,300,2.6925857834565874,2.4741989583256294,2.0100996093427748,2.5078056226097405
2017,21720,total,390,1.6096828769606164,1.6117708810295768,1.9955618584336094,2.2673073966007036
2017,21720,total,430,1.7329066520266592,1.4195024935033131,1.0260372907467807,1.2991947047649979
2017,21720,total,440,2.0603324383504216,1.7831860797109453,1.344362873624132,1.6109860551736308
2017,21720,total,450,1.4014519887189112,1.2471576285685324,0.8482420245571674,1.080642229807099
2017,21720,total,460,2.60285798845614,2.297760857739113,1.3460455182955158,1.860862469823894
2017,21720,total,470,6.371775111370044,4.796995440368536,2.8827861033674345,4.387261997748732
2017,21720,total,480,2.8627677823987567,2.4546496934294266,1.9854163108662684,2.9558438241310934
2017,21720,total,490,1.8863035355586788,1.5824818598490276,1.362382150007311,1.902932129056096
2017,21720,total,500,4.225266230316557,3.4404668035202155,2.1601662652391758,3.121498284588022
2017,21720,total,510,5.974900150471542,4.410730825225561,2.814667993426461,4.9770112405960765
2017,21720,total,520,6.836125405509462,6.109157684600551,5.032631911751048,7.920661620356231
2017,21720,total,530,4.989309873687297,4.1857373620071305,3.069657095541627,5.302468911420703
2017,21720,total,540,4.620880531720155,4.323549413115355,4.292800932910615,7.198721519773273
2017,21720,total,550,6.410841498658329,5.200033657691171,4.512782992843394,7.683566309743228
2017,21720,total,560,4.96081482858498,4.3989736148827205,3.3465398639598383,4.956007971670439
2017,21720,total,570,4.871721715471272,4.007596555308726,3.1187656130075543,4.762446476932959
2017,21720,total,580,8.294215954974188,7.802376401472801,6.996429497422546,11.499202732081097
2017,21720,total,590,8.796726718372664,8.174665933465825,4.509476839791189,7.462617114878349
2017,21720,total,600,1.6547440595877148,1.5542736049279682,3.9626520529895615,5.788769907762962
2017,21720,total,610,9.162386253180419,7.4943148848791985,3.5687268887710553,6.522513974192645
2017,21720,total,620,5.005949362454032,4.488605484290199,2.935139457389471,5.039065740276862
2017,21720,total,640,1.9804534102857414,1.9371843886705828,1.513514149275531,1.702980387402994
2017,21720,total,650,3.7174862812762712,3.7501493844906975,1.6113756690806487,1.962365420680378
2017,21720,total,670,2.1453447471959146,2.4485064692103458,1.4553993511534051,1.6236663103964104
2017,21720,total,690,1.6513235385245173,1.3819817908021694,0.9590191462606648,1.2286024203081114
2017,21720,total,710,2.30183607965283,2.263897951323249,1.0601088221572468,1.6045247403153664
2017,21720,total,730,1.8675449614814787,1.857376302591178,1.594945091243506,1.933469941179521
2017,21720,total,750,1.826233339815814,1.928709940612562,1.1591113620861278,1.2333701969304312
2017,21720,total,770,1.8009360233037344,1.7609001524324674,1.191253293070422,1.2572437595089174
2017,21720,total,820,2.055363261300059,2.0701364927162422,1.2128409439927594,1.3240205811452483
2017,21720,total,830,2.6090336762169346,2.7014210105586587,1.5348374502162214,1.8145768753657692
2017,21720,total,860,1.8760471135193892,2.2927681223798024,1.2326789619692213,1.2822614400288206
2019,21720,total,250,3.4256029918398743,2.8089421521096707,2.598769879655779,3.432794642352808
2019,21720,total,260,3.838742302451805,2.997679071941032,2.4286731461314375,3.3010378488345675
2019,21720,total,270,4.36188033994253,3.6033787082326083,2.6628297625215005,3.4317355538926892
2019,21720,total,280,1.4865328184104039,1.3857671189571725,3.899180738282835,6.401683311419923
2019,21720,total,290,4.557633808948829,3.239683699130192,2.4392448063371757,3.4105444687863153
2019,21720,total,300,5.228882797208773,3.794787929700231,3.487584306125086,5.390357718717626
2019,21720,total,310,1.5769767059831896,1.5283619578017051,1.3837740112261738,1.481674987128269
2019,21720,total,390,1.7737745523991058,1.4725626195502657,1.4439545805205216,1.7772208537573488
2019,21720,total,400,2.074923960802566,1.91219155672044,2.260950883552885,2.880319295880749
2019,21720,total,410,3.580719415390892,2.9997836255057533,3.354927629036554,4.57424416894634
2019,21720,total,420,5.754984729815901,4.9389748695467794,2.763352206681524,4.089167983790942
2019,21720,total,430,7.270652096411731,6.621603178522437,6.189372660757952,9.325869606736175
2019,21720,total,440,5.3671178207953805,4.791220427337018,6.319380196126964,9.510524322665296
2019,21720,total,450,9.814835396692978,8.569843638044896,6.284817180532355,9.400826806989697
2019,21720,total,460,7.682796876660033,5.719193324986392,3.8513310264490395,6.27023007107721
2019,21720,total,470,7.644221214096189,6.080698360648052,4.493763278108057,7.2094126759366715
2019,21720,total,480,8.132806179431876,5.508022632701281,3.9029080111536087,6.472826508026564
2019,21720,total,490,2.059309048571848,1.6168981597873704,2.249347324876441,3.5652278092536447
2019,21720,total,500,0.9715045819338572,0.9910159524204183,3.7197806074152435,4.940540255423257
2019,21720,total,510,1.7913622855239748,1.767316044856228,4.909465809765944,6.915489162338877
2019,21720,total,530,4.754591413247461,4.185634338138173,3.101228868308462,4.799673113500829
2019,21720,total,540,1.2770281968329804,1.2568938926023858,2.8501083088429398,3.7844612258672483
2019,21720,total,550,9.062270193755467,6.631863930281426,3.8798434193323748,6.096086178647458
2019,21720,total,560,3.715267510636074,3.367905171147832,5.054936004228943,7.8245297907571345
2019,21720,total,570,1.0337028319863877,0.9799541110627572,4.371404571911553,6.033209126395199
2019,21720,total,580,3.5020586474038495,2.287895204157964,1.4176357076820143,2.7258191432925036
2019,21720,total,590,3.7429069818521334,2.6177613180173496,1.7590942473164437,2.9621767033285913
2019,21720,total,600,4.597191607700467,2.7287599235417126,1.5256331319122465,2.857758232625329
2019,21720,total,610,10.764257075944846,9.910503508134743,4.6888926458808,8.079826481375044
2019,21720,total,620,1.4664175135107842,1.4504857429766111,0.8360134209635061,1.1385571043637874
2019,21720,total,630,6.827429668573909,3.8864486375038627,2.116340182836851,4.585472192679548
2019,21720,total,640,3.5505883942135488,2.4240850970410994,1.4577761942950394,2.4516418215919225
2019,21720,total,650,5.975198252519967,4.48915635310429,2.4341890456534996,4.169705402725469
2019,21720,total,660,2.14789917121108,1.658544921943765,1.500849680542515,2.185351742865347
2019,21720,total,670,2.8643503204359093,2.27961232610559,1.025343574448887,1.603159089992673
2019,21720,total,680,1.5135835897919596,1.4849424237484687,0.8266342234343217,1.0301592654628373
2019,21720,total,690,2.1723858583510163,2.0332517234681475,0.9041473001059639,1.243378106653043
2019,21720,total,700,1.4521386092527273,1.5746208024906017,0.7977335805956111,0.9717354273273083
2019,21720,total,710,2.9579774233355476,2.415233471633293,1.1097937273230454,1.8167419513482794
2019,21720,total,720,1.2206724499952895,1.1559308511707644,1.7657153039862357,2.2714743160730277
2019,21720,total,730,1.584750228535176,1.7521586759350352,0.9685868650913013,1.2857860516958226
2019,21720,total,750,2.407623631428924,2.280434644459714,1.4690013248611844,1.6115412411533987
2019,21720,total,780,2.0016240297424726,2.310317420234529,1.2003869908949742,1.2630497907151987
2019,21720,total,790,2.570113909186331,2.624925421884397,1.4925220761318871,1.5522668921334002
2019,21720,total,820,2.0074015752044105,2.319161764613274,1.1389743834945456,1.2236268387086027
2021,21720,total,270,2.980289840178165,2.260250080542583,1.942600367789617,2.6207759275867493
2021,21720,total,280,2.647860401983972,2.4066458201888348,1.805830876023758,2.2658536666980527
2021,21720,total,290,2.535329134403495,2.202892266675,1.7695516779039886,2.3157987114288994
2021,21720,total,300,7.123290082543115,5.199931484865194,4.246056883827821,6.134296184375697
2021,21720,total,310,2.2003855576324334,1.8070422748512631,1.511822983272992,1.811944164861735
2021,21720,total,320,1.8247950375874682,1.627561959561919,1.380861260451545,1.4521464621096463
2021,21720,total,380,2.43706542830175,2.1393786588175017,1.5522286658238682,2.0021765115604278
2021,21720,total,400,1.7193760989477211,1.7955206051711905,1.360897650425033,1.509966976398883
2021,21720,total,420,1.641664238956626,1.6161228495842266,1.819078324777139,2.0932428155619127
2021,21720,total,430,2.9452508892030713,2.620027765168162,1.6583642317548726,2.6595182435128915
2021,21720,total,440,1.2932969892514212,1.2340496546505992,2.598082431456496,3.776595040332751
2021,21720,total,450,1.5243664944802244,1.326233831951135,2.578565178692381,4.190190783138943
2021,21720,total,470,4.07567071257919,3.574719976625296,2.378196783332435,3.2970401247352634
2021,21720,total,480,5.771934538270903,4.534398314980316,2.883859225737555,4.923348811018978
2021,21720,total,490,6.424813099976458,5.303435802140609,3.277710966380825,4.62101021385634
2021,21720,total,500,2.1206425745645197,2.0368310152803484,3.3750508606601373,4.99114871344975
2021,21720,total,510,4.296467586564193,3.92011673431737,4.703615567039068,7.272087433106876
2021,21720,total,520,7.831493750619998,7.320777477553731,6.556713996739659,9.415172300954653
2021,21720,total,530,11.059575931935614,9.39657098453335,7.145422804068836,12.430723202970297
2021,21720,total,540,9.097297665084907,6.373503118964962,4.217635691927538,7.433752471633556
2021,21720,total,550,6.391707123489425,6.170892008523974,8.55731718614477,13.625515079632358
2021,21720,total,560,15.994651459098552,12.648911668338908,7.269822035593621,10.99207556823424
2021,21720,total,570,6.540663373863249,6.223102044772429,6.6053082546895245,9.996510443609008
2021,21720,total,580,17.73430296435918,13.89974050817057,8.449435374012234,12.362602926319932
2021,21720,total,590,6.418048015899757,5.411145702185618,7.110083864353485,11.94560491819176
2021,21720,total,600,12.656815393893753,11.996531477039689,8.474932297784335,12.866364765045823
2021,21720,total,610,11.113013689110096,9.544793386892424,7.825681822349994,13.297567752831789
2021,21720,total,620,6.551152998379795,6.30474725369217,7.771269412439678,12.378648198584683
2021,21720,total,630,7.429349671246678,6.861511676901052,4.995564179469042,7.55194406943218
2021,21720,total,640,9.028289901237367,6.100808995004509,3.251058139982464,5.503580284984471
2021,21720,total,650,6.282224941400931,4.107243893398873,3.044291950680442,5.637424595428184
2021,21720,total,660,6.664302820183201,5.591786830518925,2.3209942938784556,3.8063017734081583
2021,21720,total,670,5.14761052280491,3.471911755969693,2.1643978127715986,3.7928674058503504
2021,21720,total,680,3.932790573705881,3.184778871527701,1.8425093553455625,2.8364212873970276
2021,21720,total,690,6.017690478300356,4.161148356715449,1.8639060168664041,3.316758665860652
2021,21720,total,700,4.748213941678409,3.5855373908744,1.6228323149939283,2.3827752380929272
2021,21720,total,710,1.9286039789671414,1.4836433226601553,1.01456392508748,1.4006820417404067
2021,21720,total,720,2.0722097433221984,1.7690832880786032,0.9092335988144242,1.3290079487512065
2021,21720,total,730,1.739269593233747,1.9540695395498358,1.180015493583182,1.2637350093191335
2021,21720,total,740,2.4303600122212603,2.3788802028405076,1.3963424470989994,1.6738265979902258
2021,21720,total,750,1.4744911723768943,1.7548343660055228,0.8637683493109127,1.0497730289584646
2021,21720,total,760,1.731111656199303,1.422371620337643,0.6643210432902525,0.9415150585292915
2021,21720,total,770,1.6185762325764488,1.6279012997967264,0.8894528169654139,1.3128696917094236
2021,21720,total,800,1.8240778724635407,1.953557251112548,1.1952517957277147,1.2445413596610455
2021,21720,total,820,2.1938138685458557,2.22295081540155,1.3672425236455532,1.578683503079202
2021,21720,total,840,1.7296392452468436,1.7255110364317883,1.3670516740567942,1.4951430616343488
2021,21720,total,880,2.018434046276946,1.7747469832340599,0.7716695452949198,1.049803025593235
